English,Slovak
you,vy
the,ten
to,do
it,to
and,a
that,taký
of,z
is,je
in,v
what,čo
we,my
me,ja
this,tak
he,on
for,pre
my,môj
on,na
have,mať
your,váš
do,robiť
was,bol
m,m
no,nie
not,nie
be,byť
are,byť
don,dláždiť
re,rekrea
know,poznať
can,môcť
with,s
but,ale
all,všetko
so,tak
just,pravidelný
there,tam
here,tu
they,oni
like,Páči sa mi to
ll,ll
get,dostať
she,on
go,ísť
if,či
right,správny
out,von
about,o
up,nahor
at,pri
him,jeho
now,teraz
oh,oh
one,jeden
come,prichádzať
well,úhľadný
her,jej
how,ako
yeah,jo
ve,VE
will,vôľa
got,mať
want,chcieť
think,myslieť si
as,ako
see,pozrieť sa
did,uplatniť
good,dobrý
who,SZO
why,dôvod
from,od
let,nechať
his,jeho
yes,Áno
when,kedy
going,priebežný
time,čas
an,a
okay,v poriadku
back,späť
look,pozerať sa
us,my
would,by
them,nimi
where,kde
were,boli
take,zaberať
then,potom
had,mať
or,alebo
been,Bol
our,náš
gonna,príjmový
tell,oznámiť
really,skutočne
man,muž
some,niečo
say,povedať
hey,hej
could,mohol
d,d
didn,nemal
by,podľa
need,potreba
something,niečo
has,mať
too,tiež
more,viac
way,spôsob
down,dole
make,urobiť
very,veľmi
never,nikdy
only,iba
people,osoby
over,nadol
because,pretože
little,malý
please,prosím
love,milosť
should,mali by
mean,znamenať
said,uvedený
sorry,Prepáč
give,poskytnúť
off,vypnutý
am,am
thank,poďakovať
any,akýkoľvek
two,dva
even,rovnomerný
much,veľa
doing,robí
sure,samozrejme
thing,vec
these,títo
help,Pomoc
first,najprv
into,do
anything,čokoľvek
still,stále
find,Nájsť
life,životnosť
nothing,nič
sir,pane
day,deň
god,bohatstvo
work,práca
their,ich
uh,uh
again,znova
maybe,možno
must,musieť
before,pred
other,druhý
wait,čakať
stop,zastavenie
call,zavolať
after,po
won,vyhratý
talk,reč
away,preč
than,než
thought,premyslenie
home,Domov
night,noc
put,uviesť
great,skvelý
those,tie
last,posledný
better,lepší
everything,všetko
told,informovaný
mr.,Pán.
new,Nový
things,veci
always,vždy
keep,držať
long,dlhý
years,roky
leave,opustiť
does,robiť
money,peniaze
around,okolo
doesn,robiť
name,názov
place,miesto
ever,vôbec
feel,cítiť
guys,chlapci
father,otca
guy,chlap
made,vyrobený
old,starý
isn,iSn
which,aký
big,veľký
lot,veľa
done,hotový
hello,Ahoj
nice,pekný
believe,veriť
girl,dievča
someone,niekto
fine,pokuta
thanks,Vďaka
wanted,hľadaný
kind,milý
coming,prichádzajúci
house,dom
every,každý
ok,v poriadku
through,cez
being,bytosť
course,priebeh
stay,pobyt
left,vľavo
dad,ocko
enough,dosť
happened,Stalo
came,prišiel
may,smieť
mother,matka
wrong,chybne
world,svet
bad,zlý
might,možno
three,tri
today,dnes
listen,počúvať
another,ďalší
understand,rozumieť
hear,počuť
remember,zapamätať si
ask,opýtať sa
own,vlastný
same,istota
show,šou
else,inak
kill,zabitie
talking,hovoriaci
found,zistiť
next,Ďalšie
getting,príchod
care,starostlivosť
car,auto
looking,hľadaný
son,syn
try,vyskúšať
woman,žena
went,šiel
hi,Ahoj
dead,mŕtvy
many,veľa
mind,zohľadniť
wasn,udelený
friend,priateľ
best,najlepšie
mom,mama
hell,do pekla
morning,ráno
trying,snaha
boy,chlapci
together,dohromady
yourself,sami
job,práca
saw,píca
family,rodina
real,reálny
without,bez
baby,detský
room,miestnosť
wouldn,by
already,už
move,presťahovať sa
most,najviac
seen,pozeraný
live,živý
miss,chýbať
actually,vlastne
huh,hm
shit,hovno
both,oba
heard,vypočutý
once,akonáhle
ready,pripravený
head,hlavný
called,nazývaný
used,použitý
idea,nápad
knew,poznávací
hold,zadržať
happy,šťasný
door,dvere
such,taký
fuck,šukanie
brother,brat
also,tiež
pretty,celkom
bit,trocha
took,trvať
haven,útočisko
yet,ešte
men,muži
whole,celok
start,štart
use,využitie
while,zatiaľ čo
since,od
wife,manželka
days,dni
guess,hádať
tomorrow,zajtra
matter,záležitosť
meet,stretávať sa
bring,priniesť
tonight,dnes večer
everyone,každý
run,spustenie
wanna,chcieť
hard,ťažko
ah,ah
alone,sám
myself,sám
school,školský
gone,preč
um,hm
end,koniec
saying,hovorenie
phone,telefonovať
play,hrať
looks,vzhľad
couldn,nemohol
fucking,zasraný
problem,problém
few,málo
friends,priatelia
gotta,musím musel
ago,pred
open,OTVORENÉ
anyone,niekto
killed,zabitý
hope,nádej
face,tvár
until,až do
lost,stratený
police,POLÍCIA
excuse,ospravedlnenie
turn,otáčať sa
business,podnikanie
case,prípad
wants,túžba
says,ujasniť
TRUE,Pravdivý
die,odumrieť
heart,Srdce
soon,čoskoro
each,každý
worry,strach
later,neskôr
year,rok
watch,pozerať sa
music,hudba
hand,ručný
having,majúce
probably,pravdepodobne
beautiful,krásny
doctor,lekár
sit,sedieť
eat,jesť
thinking,myslenie
young,mladí
second,druhý
working,pracujúci
water,vodná voda
person,osoba
part,časť
kids,deť
late,neskorý
stuff,tma
exactly,presne
under,pod
death,úmrtnosť
minute,drobný
pay,platiť
crazy,šialený
forget,zabudnúť
everybody,všetka
kid,detský
change,zmena
gave,dal
happen,stať sa
damn,prekliať
five,päť
drink,piť
far,vzdialený
knows,poznať
its,svoj
whatever,Hocičo
eyes,oči
shut,zavrieť
aren,areál
hit,zasiahnuť
taking,preberanie
easy,ľahký
times,časy
check,kontrola
hands,ruky
minutes,minúta
deal,obchod
different,odlišný
means,prostriedok
point,bod
inside,vo vnútri
makes,robiť
asked,požiadaný
somebody,niekto
mine,vyťažiť
making,tvorba
body,tela
afraid,strašný
sleep,spať
chance,šanca
dear,drahá
quite,celkom
four,štvorka
anyway,aj tak
close,Zavrieť
ain,ain
party,večierok
fun,zábava
against,proti
word,označenie
comes,prichádza
important,dôležitý
set,súbor
shall,má
story,príbeh
number,počet
daughter,dcéra
least,najmenší
waiting,čakajúci
hurt,ublížiť
wish,želanie
moment,moment
fight,boj
week,týždeň
husband,manžel
girls,dievčatá
rest,odpočinok
married,vydatá
fire,oheň
game,hra
nobody,nikto
mr,Pán
children,deti
side,strana
stand,stáť
read,čítať
though,predsa
cut,vyrezať
started,začínajúci
sister,sestra
supposed,predpokladaný
between,medzi
child,dieťa
goes,ísť
hours,hodiny
speak,hovoriť
women,ženy
behind,za
almost,takmer
truth,pravda
blood,krv
able,schopný
lady,dáma
anymore,už
playing,hranie
gets,získať
shot,strela
reason,dôvod
trouble,trápenie
break,prestávka
war,vojna
city,mesto
walk,prechádzať sa
town,mesto
trust,dôverovať
dr.,DR.
met,stretnúť sa
office,kancelária
question,spochybniť
brought,priniesla
yours,tvoj
welcome,privítať
high,vysoký
wow,Wow
couple,pár
half,polovica
died,zomrel
cool,ochladiť
free,zadarmo
either,ani
seems,javí sa
power,moc
whoa,hieš
bye,zbohom
buy,nákup
telling,rozprávanie
honey,med
tried,prerušený
front,predná strana
team,tím
answer,odpoveď
gun,pištoľ
boys,chlapci
line,linka
send,odoslať
news,novinky
stupid,hlúpy
bed,posteľ
hurry,ponáhľať sa
full,plný
months,mesiace
save,uložiť
sometimes,niekedy
become,stať sa
along,pozdĺž
hate,nenávidieť
food,jedlo
outside,vonkajší
light,svetlo
l,lokalita
needs,potreby
dog,pes
country,krajina
clear,jasný
order,objednať
em,emócia
fact,skutočnosť
lord,lož
captain,kapitán
six,šesť
hot,horúci
funny,vtipný
black,čierna
mrs.,Pani.
alive,živý
pick,vyzdvihnúť
feeling,pocit
living,živý
cause,spôsob
ahead,dopredu
lose,stratiť
king,kráľ
plan,plán
dinner,večera
sighs,vzdych
sort,triediť
leaving,opúšťať
shouldn,nemal by
running,bežný
boss,šéf
alright,v poriadku
promise,sľubovať
taken,vzaté
safe,bezpečný
ma,mamička
book,rezervovať
sent,odoslaný
white,biely
hour,hodina
anybody,ktokoľvek
small,malý
perfect,dokonalý
cause,spôsob
lives,životy
special,špeciálny
parents,rodičia
s,siežko
john,john
himself,sám
perhaps,možno
sounds,zvuky
serious,vážny
sick,chorý
company,spoločnosť
ha,haš
scared,vystrašený
uncle,strýko
poor,chudobný
red,červený
past,minulosť
earth,zem
possible,možný
shoot,zastreliť
touch,dotýkať sa
sound,znieť
top,vrchol
ass,zadok
laughs,smiech
cannot,nemôžu
asking,žiadosť
win,vyhrať
glad,radosť
control,ovládanie
hmm,hmm
human,ľudský
drive,v jazde
hair,vlasy
jack,jačko
bitch,suka
luck,šťastie
murder,vražda
happens,stavať sa
air,vysielať
ten,desať
daddy,otec
finally,konečne
chuckles,smiech
fast,rýchly
cold,chladný
seem,zdať sa
laughing,smiech
words,slova
hospital,NEMOCNICA
street,ulic
hang,visieť
dance,tancovať
meeting,stretnutie
till,až do
others,ďalší
catch,chytiť
follow,sledovať
sense,zmysel
sex,pohlavie
lie,ležať
evening,večer
master,majster
known,známy
dream,snívať
write,zápis
million,milión
voice,hlas
sweet,sladký
rather,skôr
felt,plsný
sign,znak
lucky,šťastie
somewhere,niekde
bet,staviť
o,o
jesus,Ježiš
longer,dlhšie
calling,volanie
worked,pracujúci
quiet,utíšiť sa
looked,vyzerajúci
less,menej
pull,SEM
beat,poraziť
careful,opatrný
coffee,káva
return,návrat
secret,tajomstvo
weeks,týždne
weren,utiecť
date,dátum
seeing,výskyt
fall,spadnúť
given,vzhľadom
ooh,hanba
fault,porucha
straight,priamy
takes,zaberať
song,pieseň
future,budúcnosť
gentlemen,páni
loved,Miloval
changed,zmenený
road,cesta
calm,upokojiť
wonderful,úžasný
mad,šialený
turned,otočený
drop,pokles
ladies,Dámske
learn,učiť sa
step,sťahovať
absolutely,úplne
early,skoré
explain,vysvetliť
clean,vyčistiť
piece,kus
yesterday,včera
throw,hodiť
picture,predstaviť si
land,pôda
feet,nohy
wonder,zázrak
questions,otázky
speaking,hovorený
worth,hodnota
darling,miláčik
dude,Frajer
giving,dávajúci
president,prezident
eye,prezerať
quick,rýchly
moving,pohybujúci sa
figure,obrázok
state,štát
strong,silný
sam,sama
none,žiadny
amazing,úžasný
ones,tí
works,Tvorba
act,konať
needed,potrebný
weird,čudný
law,zákon
worried,ustarostený
report,správa
goodbye,Zbohom
missing,chýbajúci
choice,výber
happening,dej
chief,šéf
wedding,svadba
strange,podivný
general,všeobecný
pain,bolesť
am,am
kidding,sranda
decided,rozhodujúci
ya,ya
pass,prejsť
tired,unavený
class,trieda
officer,úradník
kept,udržiavaný
wake,prebudenie
worse,horší
busy,zaneprázdnený
eh,eh
mistake,chyba
kiss,bozkávať
court,súd
building,výstavba
finish,skončiť
during,v priebehu
age,Vek
ship,odoslať
caught,chytený
marry,vydať sa
meant,zamýšľajúci
sell,predať
dark,tmavý
watching,sledovanie
system,systém
suppose,predpokladať
evidence,dôkaz
movie,film
ride,jazdiť
t,tón
completely,úplne
mouth,ústie
totally,naprosto
birthday,narodeniny
tv,televízor
forgive,odpustiť
born,narodený
imagine,predstaviť si
information,informácie
instead,namiesto toho
definitely,určite
security,zabezpečenie
certainly,určite
film,film
month,mesiac
lying,ležiaci
unless,pokiaľ
train,vlak
seven,sedem
wear,obliecť sa
clothes,oblečenie
michael,Michael
hotel,hotel
christmas,vianočné
attack,zaútočiť
hasn,hasen
round,okrúhly
expect,očakávať
sing,spievať
terrible,hrozný
george,George
bag,vrecko
history,história
blue,Modrá
near,blízko
broke,zlomený
station,stanica
seriously,vážny
forever,navždy
david,David
frank,úprimný
except,okrem
thinks,myslieť
message,správa
entire,celkový
joe,joe
table,tabuľka
talked,hovorený
across,naprieč
rock,hnusiť
lovely,milý
handle,manipulovať
middle,stredný
buddy,kamarát
paid,platený
protect,chrániť
using,použitím
floor,podlaha
ran,udelený
swear,prisahať
spend,utrácať
situation,situácia
ring,zazvoniť
anywhere,kdekoľvek
dangerous,nebezpečný
bill,vyúčtovanie
york,York
army,armáda
lead,viesť
bought,kúpený
finished,hotový
fair,fér
sun,slnko
letter,písmeno
fool,oklamať
attention,pozornosť
club,klub
simple,jednoduchý
interesting,zaujímavý
space,priestor
test,skúška
box,škatuľa
group,zoskupenie
single,slobodný
sitting,sedenie
marriage,manželstvo
join,pripojiť sa
fear,strach
d,d
peace,pokoj
forgot,Zabudol
force,sila
short,krátky
normal,normálny
charlie,charlie
present,predstavovať
enjoy,Užite si to
mike,mikrofón
crime,zločin
horse,koň
ground,uzemniť
american,americký
count,počítať
area,oblasť
charge,poplatok
honor,ctiť
lunch,obed
miles,míle
radio,rozhlas
idiot,idiot
ball,loptička
surprise,prekvapiť
paper,papier
key,kľúč
boat,čln
quickly,rýchlo
gold,zlato
bar,bar
fish,rybárstvo
mark,znak
tom,trik
wearing,nosenie
crying,plač
accident,nehoda
government,vláda
eight,osem
fell,spadnúť
cover,pokryť
certain,istý
interested,zainteresovaný
deep,hlboký
star,hviezda
sea,more
agree,súhlasiť
problems,problémy
detective,detektív
prison,väzenie
major,hlavný
stick,palica
offer,ponúknuť
difficult,ťažký
smart,inteligentný
personal,osobný
record,zaznamenať
stopped,zastavený
hide,skryť
whether,či
bank,breh
trip,vyraziť
relax,uvoľniť sa
america,Amerika
public,verejný
list,zoznam
afternoon,popoludnie
brain,mozog
fix,upevniť
bastard,bastard
proud,hrdý
tea,čaj
service,služba
screaming,krikľavý
forward,vpred
angry,nahnevaný
park,park
soul,duša
fighting,bojový
peter,Peter
rich,bohatý
agent,pracovník
blow,odfúknuť
paul,Pavol
dress,šaty
mary,Mary
missed,zmeškaný
scene,scéna
killing,zabíjanie
standing,stojace
saved,uložený
mm,mm
respect,úcta
killer,zabijak
ice,ľad
mess,pokaziť sa
tough,tvrdý
feels,cítiť sa
church,cirkev
sad,smutný
cell,bunka
drunk,opitý
share,zdieľam
camera,fotoaparát
mm-hmm,mm-hmm
within,v rámci
card,karta
fly,preletieť
ben,ben
girlfriend,priateľka
laugh,smiech
smell,vôňa
broken,zlomený
mum,mama
honest,úprimný
often,často
starting,spustenie
calls,volania
y,y
spent,utratený
third,tretí
english,Angličtina
visit,navštevovať
mama,mamička
judge,posudzovať
window,okno
hungry,hladný
dare,odvážiť sa
relationship,vzťah
moved,presťahovaný
prove,dokázať
private,súkromné
wall,múr
seat,sedadlo
i-i,i-i
position,pozícia
lieutenant,poručík
realize,realizovať
lt,lt
especially,najmä
machine,stroj
walking,prechádzka
art,umenia
pleasure,potešenie
bloody,krvavý
college,vysoká škola
french,francúzsky
involved,zapojený
cry,kričať
became,sa stal
lived,živý
impossible,nemožný
obviously,samozrejme
neither,ani
accept,súhlasiť
boyfriend,priateľ
besides,okrem
queen,kráľovná
teacher,učiteľ
cops,policajti
sake,v záujme
loves,milovať
carry,prenášať
teach,učiť
apartment,byt
upset,rozčúlený
green,zelená
la,LA
liked,rád
cute,roztomilý
evil,zlý
professor,profesor
contact,kontakt
joke,žartovať
cop,policajt
huge,obrovský
holy,svätý
store,ukladať
jail,väzenie
likes,podobné
lawyer,právnik
doubt,pochybnosť
continue,ďalej
appreciate,oceniť
cat,mačka
shop,obchod
driving,jazdný
congratulations,blahoželanie
wrote,napísaný
village,dedina
quit,prestať
field,lúka
james,James
wine,víno
decision,rozhodnutie
south,na juh
sleeping,spiaci
slow,pomaly
laughter,smiech
island,ostrov
glass,pohár
beginning,začiatok
cash,hotovosť
dying,umieranie
hundred,sto
whose,koho
difference,rozdiel
plane,lietadlo
push,TAM
continues,pokračuje
mmm,mmm
singing,spev
eating,jedenie
north,sever
mrs,Pani
tree,strom
madam,pani
gift,darček
truck,nákladný automobil
putting,ukladanie
bear,nosiť
board,doska
grab,uchmatnúť
beer,pivo
stuck,uviaznutý
magic,kúzlo
support,podpora
rules,pravidlá
grunts,zavrčanie
partner,partnera
reach,dostať sa
wind,vŕtať
colonel,plukovník
max,maximálny
immediately,okamžite
seconds,sekundy
thousand,tisíc
gives,dávať
experience,zážitok
cheers,na zdravie
victim,obeť
upon,na
computer,počítač
christ,Kristus
planet,planéta
promised,sľúbený
bus,autobus
henry,henry
dirty,špinavý
search,Vyhľadávanie
staying,ubytovací
dreams,sny
arrest,zatknúť
holding,držanie
suddenly,náhle
usually,zvyčajne
lots,veľa
shoes,topánky
er,erograf
jump,skok
rid,zbavovať sa
yo,jo
knock,klepanie
owe,dlžiť
harry,hrebeň
grow,"rásť, pestovať"
worst,najhorší
river,rieka
aunt,teta
patient,pacient
kitchen,kuchyňa
aah,aah
fat,tuk
passed,prešiel
m,m
final,Konečný
summer,Leto
bob,bob
listening,počúvanie
escape,únik
everywhere,všade
moon,mesačný
arms,náryvok
turns,zákruty
address,osloviť
ow,zatlačiť
match,zápas
gasps,lapanie
grand,veľkolepý
yep,jo
shh,ššš
nervous,Nervózny
de,de
choose,zvoliť si
themselves,seba
decide,rozhodnúť sa
mate,sprevádzať
drinking,pitie
press,stlačenie
bother,obťažovať
foot,noha
hadn,had
blame,vina
crap,kecy
drugs,drogy
type,typ
rings,prstene
mission,poslanie
named,pomenovaný
heaven,neba
ii,ii
picked,zvolený
paris,Paríž
race,závod
risk,riziko
books,knihy
further,ďalej
danny,šťavu
action,akcia
allowed,povolený
orders,príkazy
learned,Učil sa
price,cena
arrived,prišiel
nick,vložiť
otherwise,inak
pictures,obraz
fit,zabezpečiť
smoke,fajčiť
favor,uprednostňovať
played,hraný
notice,oznámenie
awesome,úžasné
smile,úsmev
director,riaditeľ
guard,strážca
begin,začať
spot,nafúknuť
surprised,prekvapený
innocent,nevinný
narrator,rozprávač
herself,sama
london,Londýn
feelings,citlivosť
enemy,nepriateľ
battle,bojovať
ourselves,sami
alex,Alex
dollars,doláre
allow,povoliť
nine,deväť
gay,homosexuálny
department,oddelenie
guilty,vinný
apart,od seba
earlier,predchádzajúci
duty,povinnosť
jim,jim
suit,vhodný
bell,zvonček
west,západný
legs,nôh
hero,hrdina
destroy,zničiť
stage,pódium
bunch,partia
according,podľa
chicken,kura
bigger,väčší
grunting,chrotajúci
low,nízky
helping,pomoc
admit,pripustiť
closed,ZATVORENÉ
names,mená
witness,svedectvo
upstairs,na poschodí
arm,rameno
steal,ukradnúť
jimmy,jimmy
kick,kopať
twice,dvakrát
cross,kríž
ways,spôsoby
sergeant,seržant
indeed,naozaj
gas,plyn
keeping,utrpenie
energy,energia
pregnant,tehotný
waste,mrhať
helped,pomohol
fired,prepustený
favorite,obľúbený
tony,tony
taste,ochutnať
locked,zamknutý
places,Miesta
writing,písanie
adam,Adam
brothers,bratia
starts,začiatok
prince,princ
form,forma
sold,predaný
silly,hnusný
mention,spomenúť
build,stavať
throat,krk
hole,diera
figured,vymyslený
track,stopa
ringing,zvonenie
lock,zámok
leg,noha
above,nad
hiding,skrytie
steve,stĺpik
seemed,zdalo sa
breakfast,raňajky
engine,motor
written,napísaný
complete,dokončiť
video,video
applause,potlesk
however,však
pressure,tlak
fresh,čerstvý
weapon,zbraň
sky,obloha
ms.,pani.
stole,ukradnutý
study,štúdium
burn,popáliť
reading,čítanie
crowd,dav
treat,zaobchádzať
roll,vŕtať sa
double,zdvojnásobiť
spirit,duchovnosť
danger,nebezpečenstvo
cost,náklady
empty,vyprázdniť
level,vyrovnanie
memory,Pamäť
itself,samotný
acting,hranie
interest,záujmy
nose,zjazd
plans,plány
following,nasledujúci
bathroom,kúpeľňa
built,postavený
closer,bližšie
ray,lúč
sarah,sarah
band,kapela
groans,stonanie
apparently,zjavne
excited,nadšený
richard,Richard
losing,strata
animals,zvieratá
flight,let
nature,povaha
raise,zvýšiť
pop,popovávať
client,zákazník
bomb,bomba
neck,krk
suspect,podozrivý
warm,ohriať
extra,navyše
bottle,fľaša
van,dodávka
heavy,ťažký
mommy,mamina
dogs,psie
wild,divoký
ridiculous,Absurdné
simply,jednoducho
lee,závetrie
animal,zviera
showed,ukázať
billy,billy
shooting,Streľba
keeps,uchovávať
camp,kemp
guns,zbrane
medical,lekársky
shame,hanba
hoping,v nádeji
whom,kto
bird,vták
majesty,veličenstvo
flowers,kvety
famous,slávny
asleep,zaspať
beauty,krása
driver,vodič
keys,kľúče
rain,dážď
awful,strašný
large,veľký
local,miestny
deserve,zaslúžiť si
goddamn,zatracený
stone,kameň
jane,Jane
grace,milosť
consider,zvážiť
weekend,víkend
wondering,premýšľal
lay,uložiť
plenty,veľa
willing,ochotný
pants,nohavice
sweetheart,zlatíčko
skin,koža
excellent,vynikajúci
asshole,kretén
beach,pláž
c,c
faith,vernosť
beg,žobrať
fuckin,kurva
responsible,zodpovedný
military,armáda
cheering,fandenie
opportunity,príležitosť
common,bežný
bottom,dolná časť
german,nemecký
whoever,ktokoľvek
cook,variť
walked,prechádzka
papers,noviny
justice,spravodlivosť
hall,hala
commander,veliteľ
drug,droga
main,Hlavná
knife,nôž
devil,diabol
necessary,potrebný
although,hoci
princess,princezná
lights,svetlá
flying,lietajúci
dick,vták
rose,ruža
knowing,vedomý
clearly,jasne
hat,klobúk
agreed,dohodnutý
johnny,johnny
corner,roh
code,kódovať
note,Poznámka
tommy,tm
due,náležitý
correct,oprávnený
apologize,ospravedlniť sa
language,Jazyk
stars,hviezda
faster,rýchlejšie
cars,autá
folks,ľudia
bullshit,hovadina
i.,i.
fellow,chlapík
several,niekoľko
grandma,babka
shows,relácie
leader,vodca
leaves,listy
restaurant,reštaurácia
east,východ
shouting,krik
blind,slepý
ghost,duch
cup,pohár
gotten,dostali
tight,tesný
conversation,konverzácia
tells,rozprávať
lies,lži
nor,ani
pulled,vytiahnutý
hanging,závesný
speed,rýchlosť
stories,príbehy
health,zdravie
advice,poradiť
held,udelený
uh-huh,uh-huh
murdered,zavraždený
beyond,nad
rule,vláda
hardly,ťažko
possibly,prípadne
inspector,inšpektor
cousin,bratranec
trial,pokus
emergency,pohotovosť
ought,by sa mal
eddie,eddie
somehow,nejako
hearing,vypočutie
states,štáty
account,účtovať
spoke,trvať
file,podpis
understood,pochopený
angel,anjelský
tape,páska
milk,mlieko
powerful,silný
weapons,zbrane
practice,prax
manager,manažér
pardon,odpustenie
vote,hlasovanie
jake,búda
national,národný
career,kariéra
minister,posudok
super,Super
taught,vyučovaný
robert,Robert
biggest,najväčší
plays,hrania
natural,prirodzený
dancing,tanečný
copy,kopírovať
plus,plus
martin,Martin
cake,koláč
freedom,sloboda
among,medzi
breath,dych
operation,činnosť
chris,chris
crew,posádka
challenge,výzva
market,trh
meat,mäso
towards,smerom k
bringing,prinášanie
dropped,spadnutý
student,študent
lied,klamný
strength,pevnosť
size,veľkosť
breathe,dýchať
color,farebný
monster,monštrum
loud,hlasný
photo,fotografia
aw,aw
nearly,takmer
sight,pohľad
greatest,najväčší
games,hier
bridge,Most
dressed,oblečený
arrested,zatknutý
horrible,hrozný
coach,tréner
planning,plánovanie
checked,skontrolovaný
breaking,prelomenie
noticed,všimnutý
fantastic,fantastický
screams,výkrik
serve,slúžiť
ideas,nápady
investigation,vyšetrovanie
center,stred
older,starší
pack,balenie
soldiers,vojaci
nonsense,nezmysel
doc,doc
project,projekt
training,výcvik
example,príklad
trick,trik
prepared,pripravený
science,veda
united,zjednotený
travel,cestovanie
incredible,neuveriteľný
grandpa,dedko
paying,výplatný
character,znak
teeth,zuby
criminal,kriminálny
charles,charles
chinese,čínsky
truly,skutočne
honestly,úprimne
bro,brada
survive,prežiť
bobby,bobby
target,cieľ
feed,kŕmenie
nurse,ošetrovať
e,e
fake,vylúčiť
records,záznam
breathing,dýchanie
sweetie,zlatíčko
numbers,počet
oil,olej
suicide,samovražda
belong,patriť
whoo,hieš
perfectly,dokonale
amy,amy
forgotten,zabudnutý
remain,zostať
original,pôvodný
papa,pápež
onto,na
concerned,zainteresovaný
credit,úver
ugh,ugh
invited,pozvaný
discuss,diskutovať
research,výskum
easier,ľahší
view,vyhliadka
chair,stolička
hurts,bolí
strike,zasiahnuť
roger,roger
fill,vyplniť
condition,stav
mountain,vrch
dr,DR
nowhere,nikde
sheriff,šerif
kim,km
turning,otáčanie
brown,hnedý
recognize,uznať
heads,hlava
audience,publikum
all,všetko
jealous,žiarlivý
pretend,predstierať
society,spoločnosť
finding,nález
shirt,tričko
comfortable,pohodlný
meaning,význam
guest,hosť
pieces,kusy
dry,suchý
letting,prepustenie
began,začal
aye,aye
jeff,hrebeň
female,Žena
release,prepustenie
ho,hrebeň
cards,karty
pray,modliť sa
unfortunately,bohužiaľ
balls,loptička
destroyed,zničený
ended,ukončený
universe,vesmír
prepare,pripraviť sa
opinion,názor
movies,filmy
soldier,vojak
wash,umyť
program,program
heat,zahrievať
usual,obvyklý
ticket,lístok
stolen,ukradnutý
prefer,uprednostňovať
aware,vedomý
surely,určite
male,Muž
base,základňa
matters,záležitosti
lift,zdvíhať
lab,laboratórium
command,príkaz
proof,dôkaz
cream,smotana
selling,predajný
believed,verný
create,vytvárať
h,h
afford,poskytnúť
sunday,nedeľa
total,Celkom
dumb,hlúpy
threw,hodiť
france,Francúzsko
birth,pôrod
created,vytvorený
realized,realizovaný
british,britský
noise,hluk
nuts,orechy
students,študent
birds,vták
social,sociálna
brilliant,brilantný
bodies,tela
tie,zviazať
opened,otvorený
ours,náš
bucks,babka
kevin,kevin
mister,pán
ugly,škodlivý
ryan,ryž
focus,zameranie
dan,dan
opens,otvoriť sa
exist,existovať
followed,sledovaný
england,Anglicko
draw,čerpať
purpose,účel
letters,písmená
daniel,daniel
opening,úvodný
bullet,guľka
anna,anna
lately,v poslednej dobe
stayed,zostávajúci
falling,pokles
season,obdobie
ends,konce
suggest,navrhovať
joy,radosť
distance,vzdialenosť
responsibility,zodpovednosť
whenever,kedykoľvek
issue,problém
thousands,tisíce
process,spracovanie
sword,meč
shower,sprcha
weak,slabý
fucked,v prdeli
lonely,osamelý
happiness,šťastie
eric,eric
tiny,drobný
desk,stopka
pool,primievať
property,nehnuteľnosť
forced,nútený
settle,usadiť sa
indistinct,neurčitý
weight,váha
received,prijatý
gang,gang
bite,hrýsť
friday,piatok
disappeared,zmizol
interview,rozhovor
expecting,očakávaný
kinda,trochu
surgery,chirurgia
horses,kone
mayor,starosta
babe,mačiatko
ancient,staroveký
handsome,príjemný
thomas,Thomas
saturday,sobota
staff,personál
lines,čiarka
unit,jednotka
fan,ventilátor
gentleman,pán
introduce,vložiť
fate,osud
split,štiepenie
recently,nedávno
expected,očakávaný
add,pridať
ordered,usporiadaný
slowly,pomaly
alarm,alarm
member,člen
slept,spať
signed,podpísaný
enter,vstup
spanish,španielsky
garden,záhradný
brings,prinášať
brave,statočný
pig,ošípané
model,Model
finger,prsta
medicine,liek
access,prístup
failed,neúspešný
flat,plochý
easily,ľahko
discovered,objavený
based,založený
screw,skrutka
insane,šialený
cares,starať sa
weather,zverenie
fingers,prsty
san,SAN
scott,scott
path,cesta
soft,jemný
harm,ublížiť
style,štýl
community,komunita
sees,vidieť
basically,v podstate
al,al
signal,signalizácia
nope,nie
spare,rezervný
speech,prejav
covered,pokrytý
shake,triasť
loose,voľný
snow,sneh
russian,ruský
lake,jazero
bright,jasný
roof,strecha
ohh,ohh
sending,zasielanie
paint,maľba
remind,pripomenúť
pal,premávať
naked,neohrozený
post,post
sugar,cukor
heading,nadpis
streets,ulice
damage,poškodenie
silence,umlčať
doors,dvere
pete,pete
ed,edimatizovať
success,úspech
wet,mokrý
nah,nie
amount,výška
members,členovia
kate,kate
manage,spravovať
safety,bezpečnosť
returned,vrátený
harder,ťažší
fbi,FBI
block,blokovať
showing,predstavenie
fancy,fantázia
chef,kuchári
contract,zmluva
dig,kopať
chest,hrudník
good-bye,Zbohom
drinks,nápoj
dave,dav
buried,pochovaný
brian,Brian
trade,obchod
journey,cesta
stomach,brucho
changes,zmeny
details,podrobnosti
thoughts,úvaha
divorce,rozvod
funeral,pohreb
maria,Mária
football,futbal
reality,skutočnosť
theory,teória
gosh,sakra
ruined,zničený
gate,brána
william,William
spread,šírenie
outta,zjazd
japanese,japonský
sudden,náhly
coat,vrták
sooner,skôr
cheese,syr
larry,larry
spring,jar
page,strana
ears,uši
simon,shon
castle,hrad
hidden,skrytý
storm,búrka
cos,cos
personally,osobne
artist,umelec
hill,kopec
exciting,vzrušujúci
permission,povolenie
jerry,hrebeň
expensive,drahý
tickets,vstupenky
forest,les
barely,sotva
eggs,vajcia
goin,Choď dnu
regret,ľutovať
lesson,lekcia
lover,milenec
bread,chlieb
andy,Andy
subject,predmet
legal,legálny
growing,rastúci
ill,nešťastný
jason,jason
mood,nálada
owner,majiteľ
caused,spôsobený
beeping,pípnutie
points,body
dating,datovanie
loss,strata
secretary,sekretárka
revenge,pomsta
santa,Ježiško
likely,pravdepodobný
rent,prenajať
connection,spojenie
assistant,asistent
reasons,dôvod
yelling,krik
painting,maľba
trees,stromy
doctors,lekári
rush,vraziť sa
foreign,zahraničný
rough,hnusný
murderer,vrah
century,storočie
nights,noc
pair,spárovať
runs,beží
pocket,vreckovka
farm,farmár
matt,matt
bike,bicykel
obvious,zjavný
ate,jedol
grew,rástol
professional,profesionálny
tim,čas
goodness,dobrota
parts,diely
alan,alan
university,univerzita
square,námestie
grandfather,dedko
europe,Európa
genius,génius
cases,prípady
ruin,zrúcanina
winter,zima
tongue,jazyk
memories,spomienky
da,da
buying,nákup
cancer,rakovina
clock,hodinky
ocean,oceán
dna,DNA
liar,klamárov
tour,prehliadka
thief,zlodej
bleep,mletie
lisa,Lisa
rights,práva
including,počítajúc do toho
competition,súťaž
smith,kováč
planned,plánovaný
emily,emily
boring,nudný
victims,obeť
mentioned,uvedený
bones,kosti
plant,zasadenie
bless,požehnať
warning,POZOR
knocking,klepanie
re,rekrea
crash,havarovanie
bedroom,spálňa
lower,znížiť
silver,striebro
groaning,stonanie
madame,mada
defense,obhajoba
results,výsledky
toilet,"toaleta, WC"
event,udalosť
complicated,komplikovaný
shape,forma
priest,kňaz
royal,kráľovský
cheap,lacný
romantic,romantický
downstairs,dole
invite,pozvať
fortune,bohatstvo
tears,slzy
avoid,vyhnúť sa
reached,oslovený
higher,vyšší
familiar,známy
telephone,telefón
burning,horiaci
filled,vyplnený
kelly,kelly
alice,Alice
airport,LETISKO
jobs,pracovné miesta
grown,dospelý
walter,Walter
rachel,rachel
giant,obor
insurance,poistenie
woods,lesy
n,n
scare,vystrašiť
pleased,potešený
period,obdobie
political,politický
player,hráč
stops,zastávka
secrets,tajomstvá
laura,laura
repeat,opakovať
photos,výrok
finds,nálezy
statement,vyhlásenie
suck,sať
younger,mladší
china,Čína
humans,ľudia
delicious,lahodný
particular,osobitný
proper,správny
rome,Rím
belongs,patrí
attacked,napadnutý
bath,kúpať sa
hired,najatý
site,miesto
knowledge,znalosť
b,b
led,vedený
guests,hosť
celebrate,oslavovať
map,mapovať
horn,roh
eventually,nakoniec
pity,ľútosť
powers,právomoci
ashamed,hanbiť sa
assume,predpokladať
glasses,okuliare
rise,vznik
fixed,stanovený
request,žiadosť
officers,dôstojník
pounds,libra
data,údaje
carefully,opatrne
per,za
depends,závisí
jury,porota
waited,čakal
positive,pozitívny
attorney,právnik
direction,smer
families,rodiny
clock,hodinky
doin,robiť
forces,sily
location,miesto
walls,steny
useless,zbytočný
grant,udelenie
saving,úspora
speaks,hovoriť
fought,bojovať
meal,jedlo
deliver,dodať
answers,odpovede
changing,meniaci sa
temple,chrám
scary,strašidelný
millions,milióny
offered,ponúkaný
regular,pravidelný
carrying,prenášanie
official,úradník
jacket,plášť
switch,prepínanie
grave,hrob
chase,naháňačka
role,úloha
odd,zvláštny
sexy,sexy
faces,tváre
becomes,stáva sa
closes,zatvoriť
badly,zle
tall,vysoký
confused,zmätený
affair,záležitosť
television,televízia
shock,šokovanie
raised,zdvíhaný
panting,lapací po dychu
pizza,pizza
image,predstavovať
clears,vyčistiť
golden,zlatý
patients,pacient
watched,sledovaný
committed,odhodlaný
sexual,sexuálny
suffer,trpieť
arthur,Arthur
wherever,kdekoľvek
plate,tanier
appear,javiť sa
chocolate,čokoláda
clever,šikovný
hm,hm
mercy,milosrdenstvo
shots,záber
lucy,Lucy
dealing,obchodný
trap,pasca
charges,poplatky
phil,Phil
bang,trik
poison,otráviť sa
butt,zadok
drove,jazdiť
yourselves,sami
headed,hlavný
babies,deti
yellow,žltá
soup,polievka
mystery,tajomstvo
picking,vyberanie
sat,sedieť
wound,rana
traffic,prenos
courage,odvaha
hunt,loviť
indian,indický
rat,potkan
terms,podmienky
italian,taliansky
emma,Emma
checking,kontrola
disease,choroba
managed,organizovaný
winner,víťaz
council,zastupiteľstvo
appointment,schôdzka
monday,pondelok
crack,prasknúť
threat,hrozba
jenny,štrbina
physical,fyzický
nation,národ
source,zdroj
chose,vybrať si
healthy,zdravý
carl,karla
victory,víťazstvo
rick,krik
stood,stáť
kicked,vykopaný
annie,annie
disgusting,nechutný
palace,palác
below,nižšie
shopping,nákup
neighborhood,okolie
march,pochod
lips,pery
midnight,polnoc
piss,šťať sa
advantage,výhoda
pure,čistý
india,India
aside,stranou
jerk,trhnúť
mail,pošta
dawn,úsvit
effect,účinok
spell,kúzlo
freak,čudák
wood,drevo
screwed,skrutkovaný
enemies,nepriatelia
gary,gary
awake,prebudiť sa
chuckling,zasmrtný
vacation,dovolenka
violence,násilie
leo,leo
grandmother,babička
modern,moderný
luke,lupič
firm,pevný
prime,hlavný
heh,hanba
touched,dotknutý
talent,talent
whore,suka
piano,klavír
license,licencia
cooking,varenie
honour,ctiť
concern,znepokojenie
moves,pohyby
available,dostupný
factory,továreň
gods,bohovia
value,hodnota
central,ústredný
union,zväzok
mirror,zrkadliť
studio,štúdio
media,médium
taxi,taxík
dies,zomrieť
iron,žehlička
hearts,sŕdc
desire,túžba
rob,okradnúť
claire,klenot
fred,fred
songs,piesne
washington,Washington
monkey,puknúť
pride,pýcha
pills,tabletky
miracle,zázrak
swim,plávať
burned,popálený
smells,pachovať
joking,žarty
christian,kresťanský
bleeding,krvácajúca
hook,hák
beating,bitie
protection,ochrana
treatment,liečba
ear,ucho
carter,karterár
metal,kov
disappear,zmiznúť
grateful,vďačný
extremely,mimoriadne
treasure,vážiť si
rescue,záchrana
capable,schopný
passing,prechádzajúci
chatter,klábosiť
result,vyplývať
suffering,utrpenie
sisters,sestry
laid,položený
governor,guvernér
guards,strážca
louis,Louis
text,text
literally,doslova
remove,odložiť
becoming,statok
performance,výkonnosť
stronger,silnejší
rate,miera
deeply,hlboko
scream,kričať
desert,púšť
vehicle,vozidlo
illegal,nezákonný
pulling,ťahanie
throwing,hádzanie
josh,hnedý
unbelievable,neuveriteľný
ted,úškľabok
zero,nula
dean,dekan
curious,zvedavý
sean,Sean
candy,cukrík
bone,kosť
tied,zviazaný
edge,hrana
load,naložiť
susan,Susan
ahh,achhh
mountains,pohoria
boom,výložník
former,bývalý
holiday,dovolenka
riding,jazda
scoffs,posmech
hundreds,stovky
motherfucker,fucker
sue,žalovať
bags,tašky
stealing,kradnutie
appears,objavuje sa
arrive,prísť
remains,zvyšky
decent,slušný
issues,problémy
tip,tip
fail,zlyhať
bride,nevesta
pissed,naštvaný
penny,cent
claim,nárok
friendship,priateľstvo
desperate,zúfalý
flower,kvetina
dramatic,dramatický
refuse,odmietnuť
solve,vyriešiť
theme,téma
loving,milujúca
properly,správne
dragon,drak
mostly,hlavne
chuck,zaniknúť
directly,priamo
surface,povrch
FALSE,Nepravdivý
cast,vrhnúť
junior,mladší
hunting,poľovníctvo
silent,tichý
thou,ty
egg,vajce
germany,Nemecko
punch,dierovať
africa,Afrika
woke,zobudil
intelligence,inteligencia
borrow,požičať si
winning,víťazný
falls,pády
popular,populárny
escaped,uniknutý
witch,čarodejnica
convinced,presvedčený
warn,upozorniť
announcer,hlásateľ
champagne,šampanské
dust,prach
kyle,kyle
someday,jedného dňa
fallen,spadnutý
stranger,cudzinec
presence,prítomnosť
tear,roztrhnúť
st.,St.
internet,internet
monsieur,monsieur
therefore,preto
technology,technológia
tires,pneumatiky
toast,opekať
wise,múdry
clark,clark
americans,Američania
notes,poznámky
smoking,fajčenie
hank,štrbina
ls,ls
april,apríl
wolf,vlk
precious,vzácny
rooms,miestnosti
coast,pobrežie
treated,ošetrený
material,materiál
released,prepustený
uniform,jednotný
hated,nenávidený
considered,uvažovaný
rice,ryža
exchange,výmena
steps,kroky
blake,blesk
convince,presvedčiť
beast,šelma
cow,krava
files,súbory
signs,znaky
drag,pretiahnutie
cab,taxík
hung,zavesený
carried,prepravovaný
ordinary,bežný
successful,úspešný
eve,predvečer
mistakes,chyby
houses,domy
chattering,chlpatie
brains,mozog
japan,japonsko
creature,stvorenie
fourth,štvrtý
separate,oddeliť
cleaning,čistenie
california,Kalifornia
lf,lf
ll,ll
shift,posunúť
elizabeth,Alžbeta
chicago,Chicago
exact,presný
karen,karen
goal,cieľ
expert,odborník
served,podávaný
direct,priamy
score,skóre
row,riadok
marks,známky
twenty,dvadsať
receive,dostávať
series,séria
section,sekcia
pilot,pilot
jackson,jackson
darkness,tma
thy,tvoj
sale,zľava
destiny,osud
cure,vyliečiť
spoken,hovorený
armed,ozbrojený
rare,zriedkavý
helen,Helen
grade,známka
juice,šťava
wide,široký
tower,veža
solution,Riešenie
schedule,plán
explosion,výbuch
wheel,koleso
cigarette,cigareta
julie,julie
fruit,ovocie
blew,vyfúknuť
victor,víťaz
talks,rozhovory
sacrifice,obetovať
range,rozsah
button,tlačidlo
reports,správy
prisoner,väzňa
pie,koláč
effort,úsilie
youth,mládež
pot,hrniec
eaten,utratený
taylor,štrbina
knees,kolená
garage,garáž
parking,parkovisko
ambulance,sanitka
staring,pozeranie
chances,šance
circumstances,okolnosti
sin,hriech
gordon,Gordon
progress,pokrok
unusual,nezvyčajný
county,okres
stairs,schody
campaign,kampaň
mon,monštrum
vision,zjavenie
reporter,reportér
equipment,vybavenie
moments,moment
joey,joey
mass,masa
alien,Votrelec
trapped,zachytený
helps,pomáhať
route,cesta
defend,brániť sa
trace,stopa
nasty,nepríjemný
tests,skúšky
magazine,časopis
rocks,skala
dump,skládka
rude,neslušný
searching,hľadanie
clue,podtažnosť
connected,prepojený
amen,amen
pushed,zatlačený
merry,veselý
zone,zóna
senior,starší
closing,záverečný
freeze,zmraziť
emperor,cisár
incident,incident
snake,hadiť sa
mexico,Mexiko
lily,ľalie
actor,herca
newspaper,noviny
sentence,odsúdenie
greg,greg
leading,hlavný
friendly,priateľský
jones,žarty
chosen,zvolený
engaged,zapojený
julia,Julia
charming,očarujúci
mustn,must
anger,hnev
spending,výdavky
learning,učenie sa
spy,špehovať
sharp,ostrý
shadow,zatieniť
warrant,zaručiť
elevator,výťah
kingdom,kráľovstvo
ricky,šťavnatý
jamie,žobievka
squad,čata
shoulder,rameno
wave,mávať
amanda,amanda
highness,výška
kinds,druh
fishing,rybolov
sometime,niekedy
attitude,postoj
sucks,vsať
negative,negatívny
screen,skríning
workers,pracovník
bored,nudný
cameras,kamery
similar,podobný
understanding,chápanie
beeps,pípnutie
chain,reťaz
bull,býk
gasping,lapanie
fully,úplne
robin,okradnúť
collect,zberať
gorgeous,nádherný
morgan,morgan
passion,vášeň
writer,autor
empire,ríša
international,medzinárodný
curse,prekliatie
hire,prenášať
bastards,bastardi
puts,postihnutie
leads,vedenie
id,id
blows,fúkať
sons,synovia
estate,nehnuteľnosť
customers,zákazník
maggie,čarodejník
gunshot,strelec
i-,i-
device,zariadenie
troops,jednotka
hug,objatie
design,návrh
movement,pohyb
thunder,zhluk
object,námietka
loser,porazený
pen,pero
sobbing,vzlykajúci
politics,politika
despite,napriek
alcohol,alkohol
climb,vyliezť
clients,klient
conference,konferencia
provide,poskytnúť
marty,premiešaný
seek,hľadať
witnesses,svedkovia
earn,zarobiť si
trash,smeti
valley,údolie
fashion,ustanoviť
howard,Howard
episode,epizóda
prize,cena
previously,predtým
sports,športový
wanting,chcieť
debt,dlh
wishes,priania
hitler,hitler
wire,drôt
thee,tebe
circle,kruh
approach,prístup
stock,zásoba
facts,skutočnosť
remembered,spomenutý
percent,percento
normally,normálne
tail,chvost
joined,pripojený
education,vzdelávanie
bravo,brucho
library,knižnica
rape,znásilnenie
wings,krídla
growling,vrčanie
thrown,hodený
tank,nádrž
exhales,vydýchnuť
authority,orgán
current,súčasný
failure,zlyhanie
nightmare,nočná mora
hitting,biť
glory,sláva
knocked,zrazený
studying,študovať
barry,barry
agency,agentúra
apple,jablko
border,hranica
rope,lano
duck,kačica
reputation,povesť
confidence,dôvera
yard,dvor
beloved,milovaný
lack,nedostatok
actual,skutočný
skills,zručnosti
films,filmy
mental,duševný
salt,soľ
flesh,mäso
anne,anne
secure,zabezpečiť
highly,vysoko
federal,federálny
sand,piesok
emotional,emocionálny
setting,stanovenie
nothin,nič
senator,senátor
services,služby
robbery,lúpež
hates,nenávidieť
fed,napájaný
reward,odmena
theater,divadlo
johnson,Johnson
commit,spáchanie
patrick,patrick
entirely,úplne
extraordinary,mimoriadny
ships,lode
opposite,oproti
parties,večierky
stands,stánky
terry,Terry
chat,chatovať
events,diania
mummy,múmia
bay,zátoka
slip,skĺznuť
disappointed,sklamaný
settled,usadený
begins,začína
andrew,Andrew
alert,výstraha
detail,podrobnosť
pink,Ružová
fellas,kamaráti
accepted,prijatý
background,pozadie
garbage,odpadky
panic,panika
minds,myseľ
belt,opasok
blowing,fúkanie
hollywood,hollywood
agreement,dohoda
jackie,jackie
pushing,tlačenie
ability,schopnosť
tiger,tigr
whispering,šepot
culture,kultúra
saint,svätý
jesse,jesse
task,úloha
solid,tuhý
doll,bábika
intend,zamýšľať
district,okresný
pa,pav
gee,podceňovať
custody,opatrovníctvo
ignore,ignorovať
naturally,prirodzene
useful,užitočný
attempt,pokus
abandoned,opustený
cutting,rezanie
kissed,bozkávaný
guarantee,zaručiť
barking,štekanie
gather,zhromaždiť sa
policy,politika
u.s.,v USA
violent,násilný
maid,slúžka
embarrassing,rozpačitý
childhood,detstvo
wasting,strata
bow,klonovať sa
chick,kuriatko
sara,sara
disaster,katastrofa
revolution,revolúcia
online,online
f,f
demon,démon
heavily,ťažko
coincidence,náhoda
perform,hrať
thin,tenký
terrific,úžasný
mac,mac
crown,korunka
identity,totožnosť
virgin,panenský
impressive,pôsobivý
windows,okná
no-one,nikto
potential,potenciál
guitar,gitara
committee,výbor
dozen,tucet
delivery,dodanie
advance,pokrok
quietly,ticho
stan,stan
teaching,výučba
hunter,lovec
latest,najnovší
hurting,ublíženie
swing,hojdačka
capital,hlavný
counting,počítanie
drew,červenať sa
dirt,nečistota
whistle,píšťalka
marie,mokra
hits,hity
doug,štrbina
deny,poprieť
urgent,naliehavý
threatened,ohrozený
behavior,správanie
molly,molly
mixed,zmiešaný
stays,pobyt
assure,uistiť
subtitles,titulky
explanation,vysvetlenie
wins,výhry
unique,jedinečný
chasing,prenasledovanie
billion,miliardy
duke,vojvoda
production,výroba
slave,otrok
agents,činiteľ
carol,koleda
lets,poďme
cruel,krutý
mask,maskovať
sally,Sally
behave,správať sa
bury,pochovať
massive,masívny
pathetic,úbohý
species,druh
approaching,blížiaci sa
jo,jo
loan,úver
struggle,boj
dish,misa
trusted,dôveryhodný
jumped,skákal
firing,paľba
channel,kanál
abby,hnusný
stopping,zastavenie
asks,pýtať sa
jean,džíntka
swimming,plávať
daily,denne
basement,suterén
linda,linda
quarter,štvrťrok
erm,erm
bound,viazaný
navy,námornícky
article,článok
guide,vodca
accused,obvinený
transfer,prenos
guts,čreva
quality,kvalita
fella,fúza
roman,rímsky
greater,väčší
damned,zatratený
couch,gauč
cheer,fandiť
vegas,Vegas
shoe,tvare
title,titul
shy,hanblivý
punishment,trest
los,los
clicks,kliknutia
you,vy
closet,skriňa
bye-bye,rozlúčka
fever,horúčka
coward,zbabelec
flash,blesk
impressed,ohromený
bruce,breh
siren,siréna
prisoners,väzňa
sides,strany
bowl,misa
katie,kaie
supply,dodávka
sensitive,citlivý
hopefully,dúfajme
rolling,valcujúci
roy,roy
dollar,dolár
tone,tón
voices,hlasy
g,g
i,i
cheating,podvádzanie
confess,priznať sa
demand,dopyt
museum,múzeum
unknown,neznámy
drama,dráma
suspicious,podozrivý
adult,dospelý
todd,Todd
frightened,vystrašený
warned,varovaný
steady,stabilný
kills,zabíjať
crossed,skrížený
lou,lalok
particularly,obzvlášť
sandwich,zachytiť
laws,zákony
joint,kĺbový
bullets,guľky
package,balík
trained,vycvičený
thursday,štvrtok
boots,topánky
possibility,možnosť
albert,albert
civil,občiansky
june,jún
germans,Nemci
baseball,baseball
express,expresné
miserable,úbohý
tuesday,utorok
parker,parker
lion,lev
joseph,joseph
refused,zamietnutý
shine,lesk
assault,útok
hong,Hong
jokes,vtipy
breaks,prestávky
argue,hádať sa
you-,ty-
trail,stopa
option,voľba
recall,pripomenúť si
mighty,mocný
collection,zbierka
oliver,oliver
wilson,Wilson
accent,prízvuk
believes,verí
decisions,rozhodnutia
embarrassed,v rozpakoch
mobile,mobilné
customer,zákazník
terribly,strašne
sec,sekundu
charity,dobročinnosť
considering,zváženie
pussy,kunda
donna,donna
protecting,ochrana
flag,zápis
kidnapped,unesený
italy,Taliansko
balance,vyváženie
creatures,stvorenia
nuclear,jadrový
wallet,peňaženka
shout,výkrik
vincent,vincent
entered,zadaný
impression,dojem
angela,Angela
jay,jay
degrees,stupne
favour,uprednostňovať
reaction,reakcia
network,sieť
jessica,Jessica
version,verzia
concert,koncert
gear,výbava
singer,spevák
diamond,diamant
defeat,poraziť
steven,steven
lane,pruh
blast,výbuch
wounded,zranený
anytime,kedykoľvek
partners,partneri
ages,vekové veky
charlotte,charlotte
ceremony,obrad
league,ligovať
bars,pruh
orange,oranžový
specific,špecifický
conditions,podmienky
plastic,plastový
crisis,kríza
fifth,piaty
term,termín
self,ja
offering,ponuka
bud,puding
suffered,utrpený
reported,uvádzaný
commissioner,komisár
rip,odtrhnúť
mysterious,tajomný
entrance,vstup
messed,prerušovaný
tunnel,tunel
designed,navrhnutý
neighbor,sused
aboard,na palube
sweat,potiť sa
justin,justin
ghosts,duchovia
crimes,trestné činy
costs,náklady
deserves,zaslúžiť si
dreaming,snívanie
bust,poprsia
el,el
teddy,Macko
kong,kong
messages,správy
enjoying,radosť
afterwards,potom
comfort,úľavu
mason,murár
surrender,odovzdanie
gym,telocvičňa
kitty,mačička
crush,rozdrviť
yup,Áno
arranged,usporiadaný
suits,obleky
pee,močiť
stress,stres
cave,jaskyňa
wing,krídlo
jordan,Jordánsko
arrange,usporiadať
comrade,bojovník
noble,šľachetný
tricks,triky
betty,betta
launch,spustiť
legend,legenda
mix,zmiešať
golf,golf
imagination,predstavivosť
fox,líška
kissing,bozkávanie
butter,maslo
tax,zdanenie
gross,hrubý
edward,Edward
texas,Texas
insist,trvať
marcus,marcus
classic,klasický
selfish,sebecký
skull,lebka
frankie,frankie
shown,zobrazený
bat,netopier
survived,prežil
print,tlač
champion,majster
bills,účty
therapy,terapia
lifetime,život
throughout,cez
a.m.,hod.
nathan,Nathan
toward,smerom k
sauce,omáčka
experiment,experimentovať
margaret,Margaret
describe,opísať
ross,štrbina
grass,tráv
cheat,podvádzať
attend,venovať sa
homework,domáca úloha
lewis,lesk
betrayed,zradený
servant,zamestnanec
cap,čap
tyler,tyler
bible,biblia
practically,prakticky
catherine,katarína
steel,oceľ
wipe,utierať
burns,popáliť
j,j
generation,tvorba
cabin,kabína
financial,finančný
industry,priemysel
bond,väzba
sheep,oviec
scientists,vedci
beaten,porazený
heck,sakra
deck,paluba
fans,Fanúšikovia
script,skript
brand,značka
degree,stupeň
painful,bolestivý
coughing,kašeľ
religion,náboženstvo
cats,mačky
stephen,Stephen
influence,ovplyvniť
fuel,palivo
drawing,kresba
uh-oh,Uh Oh
rabbit,králik
exercise,cvičenie
attractive,atraktívny
touching,dojímavý
virus,vírus
realise,realizovať
torture,mučenie
blessed,požehnaný
plain,prostý
rebecca,rebecca
recent,posledný
barbara,Barbara
footsteps,kroky
sacred,posvätný
removed,odstránený
pretending,predstieraný
wasted,zbytočný
jewish,židovský
goodnight,dobrú noc
robot,robot
crystal,kryštál
confirm,potvrdiť
lad,chlapík
mile,míľa
division,rozdelenie
scratch,škrabanec
reminds,pripomínať
walks,prechádzky
ending,koncový
russia,Rusko
contest,súťaž
valuable,cenný
distant,vzdialený
dumped,vyhodený
motion,pohyb
electricity,elektrina
centre,stred
murders,vraždy
tina,tina
jeremy,hrebeň
seal,tuleň
standard,norma
ellen,ellen
wore,nosil
surrounded,obklopený
struck,zasiahnutý
inform,informovať
gentle,jemný
status,postavenie
purse,kabelka
prints,výtlačky
players,hráč
charged,nabitý
begging,prosperovanie
delivered,dodávaný
kenny,kent
buck,bahno
nina,nina
construction,výstavba
confirmed,potvrdený
confession,priznanie
trigger,spúšť
cells,bunky
frankly,úprimne
ali,ali
exit,VÝCHOD
response,reakcia
cancel,Zrušiť
argument,argument
principal,hlavný
turkey,moriak
lucas,Lucas
clinic,POLIKLINIKA
greetings,pozdravy
neighbors,susedia
vice,zverák
toy,hračka
hannah,hannah
everyday,každý deň
generous,veľkorysý
gain,zisk
idiots,idioti
holly,Svätý
enjoyed,teší sa
jungle,džungľa
link,spojenie
underground,podzemný
smiling,usmievavý
mistress,pani
teams,tímy
product,produkt
beef,hovädzie mäso
whispers,šepot
religious,náboženský
presents,darčeky
identify,zistiť
chip,čip
chffffff,chffffff
surveillance,dohľad
carlos,karlos
vampire,upír
routine,rutina
uses,využívanie
michelle,Michelle
underneath,dole
systems,systémy
temperature,teplota
waves,vlny
tribe,kmeň
brad,brada
deputy,zástupca
sophie,sophie
headquarters,ústredie
equal,rovnaký
phones,telefóny
ken,ken
reckon,započítať
related,súvisiaci
incredibly,neuveriteľne
chill,chladenie
spit,pľuvanie
tracks,stopy
oscar,oscar
makeup,makeup
bug,chyba
sounded,znieť
spirits,nálada
nerve,nerv
divorced,rozvedeny
stake,vkladať
port,prístav
doorbell,zvonček
worries,obavy
nephew,synovec
miller,mlynár
units,Jednotky
just-,spravodlivo
proceed,pokračovať
landing,pristátie
traitor,zradca
outfit,vybaviť
chloe,chloe
bail,kaucia
fields,polia
patience,trpezlivosť
recording,nahrávanie
foolish,hlúpy
loaded,naložený
tokyo,Tokio
davis,davis
costume,kostým
wayne,wayne
injured,zranený
somethin,niečo
ian,ian
pet,domáce zviera
cage,klietka
digging,kopanie
spain,Španielsko
seats,sedadlá
awkward,nepríjemný
cleaned,vyčistený
pattern,vzor
filthy,špinavý
visiting,návšteva
jews,Židia
answering,zodpovednosť
concentrate,koncentrovať
someplace,niekde
citizens,občan
aim,cieľ
nancy,nancy
affairs,záležitosti
thick,hrubý
sport,šport
basic,základný
electric,elektrický
pleasant,príjemný
cliff,útes
nail,pritĺcť
russell,Russell
environment,prostredie
western,západný
average,priemer
ease,ľahkosť
raped,znásilnený
interrupt,prerušiť
judy,publica
satisfied,spokojný
beep,pípanie
starving,hladný
documents,Dokumenty
anniversary,výročie
beth,blesk
election,voľby
warrior,bojovník
r,r
forth,vpred
fetch,vyvolať
banks,breh
placed,umiestnený
timing,načasovanie
stones,kamene
complex,komplex
frozen,zamrznutý
replace,nahradiť
prayer,modlitba
skip,preskočiť
angeles,Angeles
guilt,vina
tune,naladenie
woo,vábiť
actions,akcie
conscience,svedomie
officially,oficiálne
martha,martha
machines,stroje
smaller,menší
determined,určený
blown,fúkaný
hail,krupobitie
unhappy,nešťastný
booth,búdka
pour,naliať
berlin,Berlín
cleared,vyčistený
packed,zabalený
wrap,obal
randy,randy
behalf,zároveň
reasonable,rozumný
trunk,kmeň
homes,domácnosť
festival,festival
tradition,tradícia
cigarettes,cigarety
le,lenici
beside,vedľa
harvey,odovzdať
motive,motív
beings,bytosť
bishop,biskup
dealer,predajca
defendant,obžalovaný
backup,záloha
wounds,rany
ouch,aght
ann,postihnúť
nearby,neďaleký
drank,piť sa
effects,účinky
jonathan,jonathan
dennis,Dennis
benefit,prínos
adventure,dobrodružstvo
p,p
territory,územia
ve,VE
apology,ospravedlnenie
dylan,dylan
unlike,na rozdiel od
owns,vlastné
boxes,škatule
thus,tak
clay,hlina
developed,rozvinutý
busted,zatknutý
pipe,rúra
gray,šedý
no.,nie.
goods,tovar
favourite,obľúbený
salad,šalát
loyal,lojálny
atmosphere,atmosféra
eva,eva
freaking,strašidelný
dropping,pokles
strangers,cudzinci
mouse,myš
downtown,v centre mesta
francisco,frankisco
heroes,hrdinovia
pit,jamka
rotten,zhnitý
paradise,raj
meantime,medzitým
jess,jesk
organization,Organizácia
hills,kopce
exam,skúška
cock,kohútik
fairy,víla
earl,gróf
comment,komentár
activity,činnosť
frame,rám
knight,rytier
testing,testovanie
habit,zvyk
shelter,úkryt
flow,pretekať
jennifer,jennifer
holes,otvory
prevent,zabrániť
anthony,Anthony
lend,požičať
cooper,cooper
figures,čísla
boston,Boston
sample,vzorka
strip,odtrhnúť
landed,vyložený
buzzing,bzučanie
monk,mních
slightly,mierne
produce,vyrábať
annoying,nepríjemný
judgment,rozsudok
laundry,práčovňa
ron,ron
lousy,mizerný
souls,duš
existence,existencia
belly,brucho
tries,pokusy
foster,posilňovať
returning,návrat
answered,zodpovedaný
ward,odbočka
plants,rastlinné rastliny
actress,herečka
chairman,predseda
individual,jednotlivec
hopes,nádeje
tattoo,vytetovať
fence,zafarbiť
sink,drez
punk,punk
confident,presvedčivý
yay,Jéj
mistaken,chybný
limit,obmedzenie
bothering,obťažovanie
st,sv.
uncomfortable,nepohodlný
wednesday,streda
gifts,darček
policeman,policajt
na,nat
precisely,presne
lawyers,právnici
greek,grécky
merely,iba
criminals,zločin
underwear,spodná bielizeň
hoped,dúfať
earned,zárobkový
reveal,odhaliť
appeared,objavil sa
derek,deak
heavens,bejiny
personality,osobnosť
batman,batman
virginia,Virgínia
wives,manželka
colour,farba
worker,pracovník
pope,pápež
instructions,inštrukcie
intelligent,inteligentný
worrying,znepokojujúci
vince,vince
comin,porovnávať
cried,plachaný
traveling,cestovanie
bells,zvončeky
x,X
impact,dopad
robbed,okradnutý
relief,úľava
host,hostiteľ
footage,záber
odds,neurčitý
patrol,hliadkovať
circus,cirkus
mud,bahno
captured,zachytený
lessons,lekcie
occasion,náhoda
sets,súprav
pulse,impulz
ad,reklama
invented,vynájdený
diamonds,diamanty
matthew,matthew
auntie,tetuška
cloud,zakaliť
francis,francis
angels,anjel
hers,jej
classes,tried
mm-hm,mm-hm
signature,podpis
complain,sťažovať sa
blah,blesk
monitor,monitor
options,možnosti
claims,nároky
flies,muchy
pat,potľapkať
britain,Británia
hid,skrývať sa
wailing,kvílenie
listened,počúvaný
countries,krajina
vic,Vic
yell,vkripanie
rats,potkany
wondered,zázrak
smooth,vyhladiť
resist,odolať
companies,spoločnosti
fantasy,fantázia
passport,pas
pitch,pitch
hammer,kladiť
homicide,vražda
casey,prízvuk
holds,uchvátenie
flew,odletie
jacob,žakač
noon,poludnie
helicopter,vrtuľník
dishes,jedlá
spin,točiť sa
charm,čaro
slap,facka
apply,uplatňovať
fools,blázon
screeching,výkrik
discover,objaviť
previous,predchádzajúci
kit,súprava
authorities,orgány
moaning,stonanie
photograph,fotografia
sales,predajný
fifty,päťdesiat
mickey,mickey
beneath,pod
farewell,rozlúčka
clouds,oblaky
slipped,vkĺznuť
represent,predstavovať
deaf,nepočujúci
facing,stručnosť
offense,priestupok
citizen,občan
clown,klaun
snap,zachytiť
messing,hovädzie
hood,kapucňa
twelve,dvanásť
interests,záujmy
cheated,podvádzaný
liz,Liz
informed,informovaný
humanity,ľudskosť
producer,výrobca
technically,technicky
accounts,účty
extreme,extrémny
gettin,dostať sa
cia,CIA
ii,ii
pays,platiť
profile,profil
oxygen,kyslík
jeez,žar
gene,gén
shed,preliať
minor,menší
ex,bývalý
theatre,divadlo
scientific,vedecký
lovers,milenci
chaos,chaos
l.a.,L.A.
rocket,raketa
math,matematika
stubborn,tvrdohlavý
august,august
oi,oi
chips,lupienky
intense,intenzívny
grey,šedý
talkin,rozprávať
terrorist,terorista
angle,uhol
invitation,pozvánka
gus,gus
gambling,hazard
respond,reagovať
thirty,tridsať
procedure,postup
absolute,absolútny
investigate,vyšetriť
tragedy,tragédia
stable,stajňa
session,zasadnutie
capture,zachytiť
marrying,sobáš
ripped,roztrhol
attacks,útoky
stretch,natiahnutie
bush,krík
dates,termíny
unable,neschopný
gates,brána
mars,Mars
artists,umelci
increase,zvýšiť
tastes,ochutnať
cared,starostlivý
bottles,fľaše
highest,najvyšší
whirring,pokrivovanie
meanwhile,medzitým
nate,Nate
grabbed,chytený
pigs,ošípané
chop,nasekať
olivia,olivia
wheels,kolesá
shocked,šokovaný
reverend,úcta
commercial,obchodný
escort,sprevádzať
engagement,angažovanosť
corpse,mŕtvola
louise,louise
worthy,hodný
scale,mierka
beats,biť
williams,Williams
threatening,ohrozujúci
exists,existuje
academy,akadémia
acts,konanie
hop,skočiť
judges,sudcovia
furniture,nábytok
shared,zdieľaný
ralph,ralf
consequences,dôsledky
engineer,inžinier
schools,školy
softly,jemne
bombs,bomba
caroline,karolína
shark,žralok
transport,preprava
population,populácia
succeed,ustupovať
creepy,strašidelné
sneak,vraziť
studies,štúdium
destruction,zničenie
keith,keith
protected,chránený
monsters,príšery
joining,príbuzný
punished,potrestaný
lightning,blesk
malcolm,malákna
shell,škrupina
fascinating,fascinujúci
chamber,komora
ethan,Ethan
romance,romantička
instance,inštancia
jumping,skákací
groups,zoskupovať
exhausted,vyčerpaný
testify,vypovedať
studied,študovaný
walker,chodec
pin,pin
imagined,predstavený
drill,vŕtanie
investigating,vyšetrovanie
ye,ty
experienced,skúsený
elena,Elena
necklace,náhrdelník
loyalty,lojalita
junk,haraburdie
cole,cole
cries,výkrik
stanley,stanley
rita,rita
southern,južný
blocks,bloky
emotions,emócie
begun,začínajúci
maya,maya
liver,pečeň
serving,podávanie
matches,zápasy
surgeon,chirurg
granted,udelený
jazz,džez
july,júl
supplies,zásoby
deeper,hlbšie
typical,typický
kicking,kopanie
obey,poslúchať
dancer,tanečník
remote,vzdialený
daughters,dcéry
moron,kretén
latin,latinský
teachers,učitelia
toby,tobý
sandy,piesočnatý
dragged,pretiahnutý
strategy,stratégia
parent,rodič
jin,jin
album,album
compared,porovnaný
rubbish,odpadky
helpful,užitočný
powder,prášok
sync,synchronizovať
bum,zadok
passes,priechody
joan,joan
fort,pevnosť
choices,rozhodnutia
alley,uličky
supper,večera
penis,penis
alibi,alibi
sammy,sammy
pole,pól
coke,koks
scientist,vedec
fighter,bojovník
highway,diaľnica
blade,čepeľ
alpha,alfa
diet,diéta
liquor,likvidátor
jet,trysk
widow,vdova
liberty,sloboda
philip,philip
moral,morálka
carrie,carrie
award,cena
grief,smútok
thirsty,smädný
ashley,Ashley
random,náhodný
suspects,podozrenie
intention,úmysel
julian,Julian
active,aktívny
tools,náradie
driven,poháňaný
trauma,trauma
headache,bolesť hlavy
safely,bezpečne
alexander,Alexander
knee,koleno
lads,chlapci
novel,nový
conversations,rozhovory
waters,voda
lookin,pozrieť sa do
invisible,neviditeľný
internal,vnútorný
peaceful,pokojný
humming,hučanie
washed,umytý
drives,pohyby
talented,talentovaný
li,Li
aid,pomoc
elephant,slon
troubles,problémy
core,jadro
serial,sériový
s-,s-
painted,maľovaný
the,ten
divine,božstvo
jam,zaseknúť
goat,koza
opera,opera
thieves,zlodej
guessing,hádanie
objection,námietka
whiskey,whisky
florida,florida
resistance,odpor
dressing,Obliekanie
attached,pripevnený
aaron,Aaron
brief,stručný
punish,trestať
eternal,večný
lois,lois
and,a
required,požadovaný
victoria,Victoria
fabulous,rozprávkový
twins,dvojčatá
characters,znaky
cooked,varený
ln,ln
ruth,ruka
dreamed,snívaný
arts,umenie
naughty,nezbedný
stabbed,bodnutý
tend,tendencia
diane,rozruch
tap,klepnutie
soap,mydlo
locker,skrinka
development,rozvoj
images,snímky
prick,pichnutie
global,globálny
string,struna
bitter,horký
sharing,zdieľanie
corn,kukurica
craig,craig
fits,pasuje
tent,stan
forms,formuláre
votes,hlasovanie
harold,Harold
propose,navrhovať
monica,monika
constantly,neustále
granny,babička
nicely,pekne
nerves,nervy
arguing,argumentačný
abuse,zneužitie
relatives,príbuzný
survival,prežitie
gloves,rukavice
tracking,sledovanie
zoe,zoe
u,u
bend,ohýbať sa
review,preskúmanie
connect,pripojiť
separated,oddelený
elder,starší
beard,brada
admiral,admirál
diana,Diana
salary,mzda
areas,oblasti
disturb,narušiť
pro,protest
maintain,udržiavať
solved,vyriešený
wealth,bohatstvo
bitches,mrchy
possession,vlastníctvo
sang,spievali
gimme,gimme
plates,taniere
shoulders,ramená
burnt,spálený
recorded,zaznamenaný
upper,horný
counts,počítanie
tale,príbeh
profit,zisk
colleague,kolega
warehouse,sklad
hostage,rukojemník
shore,breh
porn,porno
miami,Miami
fifteen,pätnásť
visitors,návštevník
bo,bož
net,slepo
insult,uraziť
owen,vidlica
cities,Mestá
causing,spôsobujúci
lemon,citrón
heal,uzdravenie
banging,búchanie
honeymoon,svadobná cesta
appeal,príťažlivosť
marshall,maršalský
critical,kritický
creating,tvorba
scotland,Škótsko
crane,žeriav
enormous,obrovský
testimony,svedectvo
praise,chváliť
fights,boj
indians,Indiáni
commission,provízia
growls,zavrčať
nicole,nicole
sins,hriechy
fraud,podvod
branch,pobočka
happily,šťastne
bout,záchvat
covering,krytina
occurred,došlo
beans,fazuľa
raw,surový
muscle,svaly
pages,stránky
tense,napätý
relationships,vzťahy
management,zvládanie
assignment,pridelenie
blonde,blondínka
catching,zachytávanie
exposed,vystavený
canada,Kanada
dont,nekričať
han,Han
von,von
comedy,komédia
marco,mravca
stroke,mŕtvica
whistling,pískanie
buildings,budovy
shaking,trasenie
p.m.,popoludnie.
facility,zariadenie
appropriate,vhodný
remarkable,pozoruhodný
transferred,prevedený
drawn,nakreslený
tits,kozy
clicking,kliknutie
symbol,symbol
motor,motor
employees,zamestnanci
ambassador,veľvyslanec
mothers,matky
pile,hromada
feeding,kŕmenie
soda,sóda
checks,kontrola
bears,medvede
cookies,cookies
slut,búda
awfully,strašne
stepped,šliapaný
toys,hračky
levels,úroveň
differently,inak
magnificent,veľkolepý
steak,steak
tube,trubica
leaders,vedúci predstavitelia
superior,nadradený
herr,herr
pan,panvica
expression,prejav
currently,momentálne
throne,trón
deadly,smrteľný
bee,včela
tooth,zub
depressed,depresívny
potatoes,zemiaky
wicked,bezbožný
resources,zdroje
native,domorodý
centuries,storočia
karl,karl
poetry,poézia
multiple,viacnásobný
cable,kábel
shortly,krátko
buzz,bzučanie
socks,ponožky
fingerprints,odtlačky prstov
goddess,bohyňa
chin,Brada
anxious,úzkostlivý
01/09/9351,01/09/9351
colors,farby
basketball,basketbal
promises,sľuby
explained,vysvetlený
appearance,vzhľad
musical,muzikálny
sends,odosielanie
slide,šmykľavka
aii,aii
shawn,shawn
ultimate,konečný
pork,bravčové mäso
communication,komunikácia
payment,platba
structure,štruktúra
paperwork,papierovanie
obsessed,posadnutý
lazy,lenivý
russians,Rusi
actors,herci
squeeze,stlačenie
magical,kúzelný
colleagues,kolegovia
admire,obdivovať
madness,šialenstvo
roads,cestovanie
entry,vstup
injury,zranenie
burden,zaťažiť
racing,pretekanie
manner,spôsob
freezing,zamrznutie
bits,kúsky
norman,Norman
mount,pripevniť
battery,batéria
dessert,dezert
pound,biť
visited,navštívený
motel,motel
rumbling,rozčúľanie sa
cinema,kino
fond,milý
halfway,na polceste
rifle,puška
reception,recepcia
statue,socha
fridge,chladnička
brick,tehla
abandon,opustiť
lap,vyraziť
natalie,natalie
wars,vojny
recommend,odporučiť
brush,kefa
nelson,Nelson
pill,tabletka
concept,koncepcia
w,W
delay,oneskorenie
quarters,štvrťroky
korea,Kórea
janet,janet
rub,trieť
mall,nákupné centrum
soil,pôda
complaint,sťažnosť
sail,plachtiť
baker,Pekár
coughs,kašeľ
bucket,vedierka
description,opis
badge,odznak
measure,meranie
hip,bedro
function,funkcia
indistinctly,neurčito
harris,Harris
foundation,základ
labor,pôrod
willie,vôľa
waiter,čašník
homeless,bezdomovec
proved,preukázaný
unfortunate,nešťastný
log,protokol
meetings,stretnutia
giggles,chichotanie
combat,boj
poem,báseň
polish,leštiť
handed,podaný
mia,mia
weed,burina
raymond,raymond
tons,ton
satellite,satelit
jersey,dres
eagle,orol
privacy,súkromie
chapter,kapitola
treating,zaobchádzanie
wisdom,múdrosť
flip,pliesť
entering,vstup
barn,stodola
farmer,farmár
clan,klan
budget,rozpočet
pub,krčma
temporary,dočasný
effective,účinný
sonny,sonny
wendy,mravný
juan,juan
lamb,jahňacie mäso
plot,graf
riley,Riley
proposal,návrh
sticks,tyčinky
searched,prehľadaný
blessing,požehnanie
rage,zúrivosť
bothered,obťažovaný
sydney,Sydney
basis,základ
manners,správanie
recover,zotaviť sa
twist,skrútenie
neil,neil
leak,únik
item,položka
catholic,katolík
sighing,vzdychnutie
retired,na dôchodku
kings,kráľ
inner,vnútorný
cents,centy
affect,ovplyvniť
forbidden,zakázaný
patch,záplata
drops,kvapky
necessarily,nevyhnutne
provided,založený
meters,meracie výrobky
booked,rezervovaný
returns,návrat
gloria,Gloria
fires,oheň
humor,humor
torn,roztrhaný
e-mail,e-mail
rocky,skalnatý
introduced,zavedený
creative,kreatívny
betray,zradiť
soviet,Soviet
various,rôzny
added,pridaný
discovery,objavenie
cowboy,kovboj
suspected,podozrivý
suggested,navrhovaný
delighted,potešený
sticking,priľnavý
dive,ponoriť sa
shane,hanba
radar,radar
prosecutor,prokurátor
amber,jantár
vast,obrovský
quinn,quinn
owned,vlastný
cookie,cookie
finest,najlepší
felix,felix
pump,pumpovať
valentine,valentínsky
counter,protiklad
sorts,druh
coin,minca
warren,bojovník
slaves,otrok
marine,morský
illness,choroba
sack,vrece
bid,ponuka
require,vyžadovať
moscow,Moskva
largest,najväčší
washing,umývanie
achieve,dosahovať
causes,príčiny
k,klimatizovať
mo,mí
dope,droga
nest,hniezdo
palm,dlaň
logan,logan
constant,konštantný
b.,b.
boo,vyraziť
medication,liek
gravity,gravitácia
booze,chlastovať
noah,Noe
evan,evan
abroad,v zahraničí
christine,christ
rising,vzostupný
analysis,analýza
cuts,výrezy
eats,zjesť
employee,zamestnanec
vodka,vodka
damaged,poškodený
solar,solárny
height,výška
pops,šupka
yards,lodenice
terrified,vystrašený
suitcase,kufor
chemical,chemický
preparing,príprava
advanced,pokročilé
fund,fond
wears,opotrebenie
chirping,cvrlikanie
web,sieť
phase,fáza
prom,stužková
suggesting,navrhovanie
fleet,flotila
lame,Chromý
irish,írsky
editor,editor
01/10/8672,01/10/8672
assumed,predpokladaný
whip,bič
mel,mel
region,región
amongst,medzi
temper,miernosť
discussion,diskusia
engines,motory
operate,prevádzkovať
sunshine,slnečné svetlo
acted,konaný
undercover,v tajnosti
horror,horor
tested,testovaný
smash,rozbiť
contrary,naopak
roses,ruže
poker,poker
wrapped,zabalený
korean,kórejský
graham,graham
mi,mikrofón
fu,fu
ivan,ivan
focused,zameraný
liam,liam
tragic,tragický
carla,karta
demons,démoni
rounds,kola
entertainment,zábava
gathered,zhromaždený
uhh,uhh
yells,výkrik
lincoln,Lincoln
crossing,priechod
blanket,prikrývka
nut,orech
travis,travis
pockets,vrecká
limited,obmedzený
paintings,maľba
sober,triezvy
caesar,cisar
sis,sis
intended,zamýšľaný
niece,neter
computers,počítače
tennis,tenisový
needle,štrbina
chicks,kurčatá
traditional,tradičný
delicate,jemný
independent,nezávislý
leslie,lesk
lauren,Lauren
grandson,vnuk
repair,opraviť
a.,a.
brandon,brandon
executive,výkonný
colin,colin
recognized,uznaný
holmes,holmes
regarding,pokiaľ ide o
weakness,slabosť
aliens,cudzinci
gunshots,výstrely
european,Európsky
method,metóda
tool,náradie
demands,požiadavky
permit,povolenie
towel,uterák
daisy,sedmokráda
nowadays,v dnešnej dobe
spider,pavúk
northern,severný
rangers,strážca
zoo,zoologická záhrada
praying,modlitba
antonio,Antonio
passengers,cestujúci
con,ubytovať
australia,Austrália
technique,technika
cellphone,mobilný telefón
gently,jemne
operations,operácie
planes,lietadlá
bunny,Králiček
gunfire,paľba
shining,žiarivý
backwards,dozadu
skill,zručnosť
uh-,uh-
baron,barón
kidnapping,únos
iike,iike
marshal,maršál
petty,drobný
sealed,zapečatený
massage,masáž
raising,zvyšovanie
menu,Ponuka
diary,denník
fucker,pruh
wagon,vagón
audition,konkurz
mitch,štrbina
mexican,mexický
casino,kasíno
bacon,slanina
diego,diego
dutch,Holanďan
promotion,propagácia
click,kliknutie
forgiveness,odpustenie
burst,výbuch
permanent,trvalý
interfere,zasahovať
chanting,spievanie
dammit,sakra
spencer,spencer
recovered,zotavený
registered,registrovaný
sunny,slnečný
packing,balenie
scenes,scéna
superman,superman
questioning,výsluch
unfair,nespravodlivý
admitted,prijatý
ancestors,predkovia
polite,zdvorilý
completed,dokončený
swallow,prehltnúť
conduct,konanie
prayers,modlitby
sheet,pokrývka
fried,vyprážaný
avenue,trieda
poisoned,otrávený
reverse,obrátiť sa
newspapers,noviny
ford,Ford
complaining,sťažnosť
senses,zmysly
investment,investícia
absurd,absurdný
potato,zemiak
understands,chápať
grows,rastie
inspired,inšpirovaný
ruby,rubínový
celebrating,oslavovací
tag,označenie
ram,búchať
requires,vyžadovať
bonnie,bonnie
bugs,chyby
leonard,leonard
elliot,elliot
hooked,zavesený
jill,jill
ranch,ranč
safer,bezpečnejší
worn,opotrebovaný
crashing,nárazový
lands,pozemky
heather,búrka
ash,popolček
leather,koža
grounds,pozemky
assuming,za predpokladu
nails,klince
dana,dana
conspiracy,sprisahanie
thanksgiving,Deň vďakyvzdania
pierre,pierre
guardian,strážca
rumors,povesti
yen,pohorie
megan,megan
ashes,popol
terror,teror
misunderstanding,nedorozumenie
tire,unaviť sa
boats,člny
parade,prehliadka
halt,zastaviť
immunity,imunita
adults,dospelí
steam,pary
kang,kang
closely,dôkladne
pearl,perla
soccer,futbal
adrian,Adrian
priority,priorita
shouts,výkrik
donald,donald
happier,šťastnejší
khan,khan
struggling,bojujúci
root,zakorenenie
larger,väčší
01/11/8128,01/11/8128
boot,zavedenie
conflict,konflikt
laughed,zasmial sa
debbie,debbie
cherry,čerešňa
honking,trúbenie
concerns,záujmy
celebration,oslava
sore,boľaví
unconscious,v bezvedomí
cattle,dobytok
breasts,prsia
fairly,spravodlivo
fee,poplatok
recognise,uznať
wade,brodenie
radiation,žiarenie
holidays,prázdniny
raining,dažďový
forgetting,zabudnutý
lungs,pľúca
register,Registrovať
shadows,tiene
specifically,konkrétne
sarge,sarge
ideal,ideálny
turtle,korytnačka
spoil,pokaziť
deserved,zaslúžený
ronnie,ronnie
gina,gina
candidate,kandidát
lance,kopija
types,typy
bloke,vyraziť
explode,explodovať
immediate,okamžitá
belonged,patrilo
identified,identifikovaný
di,DI
hunger,hlad
closest,najbližšie
combination,kombinácia
nanny,chvenie
seth,Seth
gabriel,gabriel
develop,rozvíjať sa
detectives,detektívi
severe,tvrdý
en,udeliť
organized,organizovaný
franklin,franklin
gut,črevo
splendid,nádherný
dismissed,prepustený
pm,popoludnie
yang,jang
halloween,Halloween
ellie,ellie
vulnerable,zraniteľný
continued,pokračujúci
vital,vitálny
comrades,kamarát
bureau,úrad
drawer,zásuvka
harper,podriadiť
retreat,ustúpiť
carson,carson
benny,benny
pillow,vankúš
troy,troy
ace,ace
cart,vozík
nap,zdriemnutie
chan,chan
ham,šunka
announce,oznámiť
borrowed,požičaný
parked,zaparkovaný
galaxy,galaxia
voted,hlasovať
muffled,tlmený
sebastian,Sebastian
mmm-hmm,mmm-hmm
jewelry,šperky
kisses,bozky
luggage,batožina
groom,ženích
oops,hanba
lighter,zapaľovač
masters,majstrov
alliance,spojenectvo
buddies,kamaráti
clothing,oblečenie
denied,zameraný
drown,utopiť sa
alike,podobný
excellency,excelencia
relative,príbuzný
photographs,fotografia
burger,hamburger
dough,cesto
alicia,alicia
wreck,troska
approve,schváliť
produced,vyrobený
christina,Christina
physically,fyzicky
stations,stanice
eli,eli
samantha,samantha
spiritual,duchovný
sire,otrav
roaring,hučiaci
stab,bodnutie
inch,palec
servants,zamestnanci
limits,limity
unexpected,neočakávaný
arrival,príchod
whimpering,kňučanie
basket,košík
sheets,listy
scandal,škandál
stink,smútok
homer,harbie
tara,tara
christopher,christofer
toes,prsty na nohách
t-,t-
shield,chrániť
shooter,strelca
instant,moment
objects,predmet
rehearsal,skúška
disturbing,znepokojujúci
directed,pokusný
scan,skenovanie
electronic,elektronický
republic,republika
overnight,prenocovanie
counsel,poradca
sirens,sirény
dorothy,Dorothy
bait,návnada
dignity,dôstojnosť
explains,vysvetľovať
lean,naklonený
heroin,heroín
tracy,tracy
rex,rex
barney,barney
gossip,klebeta
humble,pokorný
economy,hospodárnosť
worlds,svet
impress,dojem
clara,clara
tissue,tkanivo
threaten,ohrozovať
et,et
bump,naraziť
supreme,najvyšší
bingo,bingo
mitchell,mitchell
excitement,vzrušenie
mankind,ľudstvo
document,dokument
broad,široký
vietnam,Vietnam
vessel,plavidlo
lit,osvetlený
dale,dale
killers,vrahovia
connor,Connor
mario,mario
foul,zanedbaný
stare,hľadieť
deaths,úmrtia
hut,chata
elements,prvky
coma,kóma
laying,kladenie
coffin,truhla
paula,paula
cocaine,kokaín
puppy,šteňa
louder,hlasnejší
handled,manipulovaný
announcement,oznámenie
oath,prísaha
mob,dav
cotton,bavlna
deposit,Záloha
taxes,dane
injuries,zranenia
jen,džbán
autopsy,pitva
advise,radiť
gig,koncert
lecture,prednáška
posted,uverejnený
skinny,chudý
lo,ložisko
include,zahrnúť
revealed,odhalený
infected,infikovaný
relieved,uľavilo
assistance,pomoc
solo,samostatne
determine,určiť
terrorists,terorista
elsewhere,inde
lamp,lampa
practical,praktický
marked,zjavný
adorable,rozkošný
rubber,guma
purple,Fialová
operating,prevádzkový
suite,súbor
apologies,ospravedlnenia
personnel,personál
beam,lúč
poet,básnik
samples,vzorky
arrow,šípka
counselor,poradca
carpet,koberec
allen,Allen
audrey,audrey
spotted,bodkovaný
floating,plávajúci
corrected,opravený
located,Nachádza
journalist,novinár
insisted,trval
operator,prevádzkovateľ
rely,spoliehať sa
singh,singh
fooled,oklamaný
arrives,prichádzať
i.d.,I.D.
leon,leon
walt,valca
eastern,Východná
ay,ay
shave,oholiť
remaining,zostávajúci
toss,hodiť
anderson,Anderson
lip,naliehavý
acid,kyselina
nora,nóra
si,SI
01/12/7586,01/12/7586
anonymous,anonymný
inn,hostinec
planted,vysadený
oldest,najstarší
breast,prsník
sixth,šiesty
error,chyba
reporting,podávanie správ
egypt,Egypt
islands,ostrovy
brother-in-law,švagor
jules,šťavu
roommate,spolubývajúci
sings,spis
scum,pokrm
visitor,návštevník
giggling,chichotanie
described,opísaný
geez,geez
inches,centimetre
commitment,viazanosť
hercules,hercules
react,reagovať
cows,kravy
protest,protestovať
misery,utrpenie
theft,krádež
embrace,prijať
darn,sakra
harsh,drsný
andrea,Andrea
communicate,oznámiť
fathers,otcovia
faithful,verný
hector,hektor
uh-uh,uh-uh
flame,plameň
medal,medaila
silk,hodváb
photographer,fotograf
trevor,trevovor
cemetery,cintorín
rear,chrbát
freddy,freddy
banana,banán
allison,allison
emotion,emócia
chap,chump
dated,datovaný
excuses,výhovorka
shitty,hanblivý
bin,nádoba
jew,židovský
gum,žuvačka
crushed,rozdrvený
efforts,úsilie
content,spokojnosť
corporal,desiatnik
realised,realizovaný
del,del
rap,rapovať
hopeless,beznádejný
debate,diskusia
era,éra
luckily,našťastie
ton,tona
liquid,tekutý
swell,zväčšenie
peggy,peggy
feast,sviatok
murphy,mizerný
attracted,priťahoval
application,aplikácia
profession,profesia
bench,lavica
vanessa,vanessa
ahem,ahem
symptoms,príznaky
scout,prieskum
crashed,havarovaný
keen,horlivý
aircraft,lietadlo
formed,formovaný
hon,hon
aggressive,agresívny
pale,bledý
significant,významný
duncan,Duncan
clubs,kluby
visual,vizuálny
embassy,veľvyslanectvo
defence,obhajoba
cabinet,kabinet
display,zobrazenie
fame,sláva
gibbs,gibbs
drowned,utopený
wolves,vlci
filming,natáčanie
dunno,neviem
cursed,prekliaty
twin,dvojča
sorrow,smútok
vault,klenba
defeated,porazený
watson,watson
quote,citovať
penalty,pokuta
bargain,obchod
pepper,korenie
speaker,rečník
compare,porovnať
satan,satan
helmet,prilba
scar,jazva
copies,kópie
fuss,rozruch
envelope,obálka
perry,hrebeň
stinks,smrady
african,africký
arrangements,opatrenia
wished,želanie
honored,poctený
believing,veriaci
discussed,diskutovaný
assigned,pridelených
rosa,rosa
oven,rúra
jenna,Jenna
attacking,útočiaci
tin,konzervovať
sonic,zvukový
collar,golier
mere,iba
romeo,Romeo
belief,viera
storage,ukladanie
rusty,hrdzavý
psycho,psycho
climbing,lezenie
melissa,melissa
fears,strach
sum,súčet
dedicated,oddaný
ladder,rebrík
alternative,alternatíva
raid,nájazd
dining,jedálenský
ms,pani
corporate,firemný
folk,ľudový
jon,jon
replaced,vymenený
bailey,bailey
un,un
heels,päty
duties,povinnosti
smarter,múdrejší
existed,existoval
surprising,prekvapujúci
chess,šachový
requested,požadovaný
cruise,plavba
primary,primárny
rhythm,rytmus
drum,bubon
models,modely
motorcycle,motocykel
adopted,prijatý
barrel,sudca
cargo,náklad
planets,planéty
shove,strčiť
wha,hanba
surprises,prekvapenie
rosie,rosie
dings,dings
trailer,príves
cannon,kanón
tables,tabuľky
arse,zadok
ally,spojenec
lawrence,Lawrence
wee,krutý
tapes,pásky
dull,fádne
sandra,sandra
teenage,dospievajúci
kent,kent
cooperate,spolupracovať
risks,riziká
dug,vykopaný
worthless,bezcenný
arriving,príchod
kindness,láskavosť
ties,väzby
items,položky
and-,a----
grip,uchopenie
relations,vzťahy
rumor,povesť
skirt,päsť
frog,žaba
paige,paige
lloyd,lloyd
claimed,nárokovaný
perfume,parfumy
instrumental,inštrumentálny
flames,plamene
association,združenie
loses,strata
01/01/7140,01/01/7140
spike,hrot
israel,Izrael
eleven,jedenásť
gallery,galéria
ginger,zázvor
activities,činnosť
iraq,Irak
boarding,palubná paluba
fist,päsť
stuffed,naplnený
improve,zlepšiť
creation,tvorba
connie,connie
infection,infekcia
strikes,štrajky
wiped,utretý
tension,napätie
whistles,píšťalka
kindly,láskavý
certificate,osvedčenie
curtis,strúhanie
bold,výrazný
threats,hrozba
claudia,claudia
sid,SID
twisted,skrútený
suspended,zavesený
affected,postihnutý
envy,závisť
whale,veľryba
dial,vytočiť
cameron,Cameron
martial,bojový
controlled,kontrolovaný
lung,pľúca
nigga,nigga
coal,uhlie
upside,nahor
imperial,cisársky
pam,pamiatka
paranoid,paranoidný
signing,podpis
congress,kongres
villa,vila
candles,sviečky
filling,náplň
becky,becky
comic,komický
faint,slabý
recovery,zotavenie
volunteer,dobrovoľne
tech,technický
bleed,krvácať
positions,pozície
cindy,cindy
narrow,zúžiť
forbid,zakázať
stuart,štrbina
perspective,perspektíva
faced,tvár
neat,čistý
pierce,prepichnúť
observe,pozorovať
cycle,cyklovanie
psychic,psychický
handling,zaobchádzanie
goose,hus
accidentally,náhodne
conclusion,záver
designer,dizajnér
sits,sedieť
importance,dôležitosť
spots,škvrny
francs,frank
sweep,pretekať
destroying,ničiaci
communist,komunista
blackmail,vydieranie
pacific,tichomorský
risky,riskantné
glorious,slávny
filed,podaný
hatred,nenávisť
cam,vačka
deals,obchody
pos,pódium
fooling,bláznivý
persons,osoby
scotch,škótsky
executed,popravený
brakes,brzdenie
blank,prázdny
tender,pohotovosť
kurt,kurt
turner,odbočka
tub,vaňa
sucker,hlupák
slight,nepatrný
addition,pridanie
campus,areál
ritual,rituál
prey,korisť
so-called,takzvaný
graduate,absolvent
anyways,tak ako tak
ew,bahno
fry,smažiť
genuine,skutočný
ned,ned
judging,posudzovanie
doubts,pochybnosti
warden,strážca
ceiling,strop
practicing,praktizovanie
somewhat,trochu
established,zavedený
attempted,pokus
zombie,zombie
generations,generácie
y√∂u,jav
gathering,zhromaždenie
warriors,bojovník
mick,štrbina
electrical,elektrický
collins,collins
sobs,vznik
couples,páry
depend,závisieť
institute,inštitút
miranda,Miranda
principle,zásada
fixing,upevňovací
therapist,terapeut
compete,súťažiť
compliment,kompliment
worship,uctievať
residence,bydlisko
democracy,demokracia
joel,joel
published,publikovaný
myth,mýtus
helpless,bezmocný
screwing,skrutkovanie
kennedy,Kennedy
execution,vykonanie
appetite,chuť
formal,formálny
strictly,striktne
sucked,nasávaný
tanks,tanky
chickens,kurčatá
gwen,gwen
technical,technický
stella,stella
rod,prútik
meets,stretnutia
shepherd,pastier
brazil,Brazília
brutal,brutálny
alison,Alison
vain,zbytočný
switched,prepínaný
chi,chi
deer,jeleň
brooklyn,Brooklyn
dresses,Šaty
retire,odísť do dôchodku
overcome,prekonať
inspiration,inšpirácia
cunt,kunda
benjamin,benjamin
nicky,nicky
thrilled,nadšený
tae,tae
suggestion,návrhy
dummy,figúrka
sailor,námorník
destination,destinácia
bass,BAS
picnic,piknik
assholes,kretén
idol,idol
trucks,nákladné autá
rank,hodnosť
denise,denise
yu,yu
veronica,veronica
blocked,blokovaný
strict,prísny
hiya,hiya
formula,vzorec
clerk,úradník
samurai,samuraj
disturbed,narušený
vera,vera
cafe,kaviareň
wandering,putovanie
consciousness,vedomie
val,val
nikki,Nikki
min,blesk
bare,holý
hans,hano
caleb,caleb
butcher,mäsiar
arrangement,dohoda
chased,prenasledovaný
ministry,ministerstvo
brandy,brandy
sweater,sveter
boobs,prsia
locate,nájsť
apologise,ospravedlniť sa
nazi,nacista
parole,podmienečné prepustenie
examine,preskúmať
trains,vlaky
candle,sviečka
prior,predchádzajúci
stream,Prúd
that-,to-
passage,priechod
reaching,dosahujúci
organ,orgán
directions,inštrukcie
asses,zadok
outer,vonkajšie
proves,dokázať
morris,Morris
luxury,luxus
pistol,pištoľ
v,vložka
losers,porazený
funds,fondy
sunset,západ slnka
strings,struny
fortunately,našťastie
gotcha,mám ťa
tomb,hrobka
freddie,freddie
but-,ale-
engineering,inžinierstvo
element,element
balloon,balón
ty,ty
broadcast,vysielať
spray,striekanie
ninja,ninja
eternity,večnosť
handy,praktický
to-,do-
crawl,plaziť sa
slice,rozrezávať
nations,národy
behaviour,správanie
pace,tempo
stiff,striedavý
lick,rozbiť
concrete,betón
allah,Alah
vegetables,zelenina
euros,euros
sausage,klobása
constable,konštantný
spinning,točiaci sa
rolls,rolky
genetic,genetický
loudly,hlasno
old-fashioned,staromódny
marvelous,Podivuhodný
subway,meter
creep,plaziť sa
scheme,schéma
performed,vykonané
ex-wife,exmanželka
plug,zákrok
rejected,zamietnutý
brenda,bret
respected,uznávaný
backs,chrbát
protocol,protokol
muscles,svaly
kidney,obličky
finishing,dokončenie
products,Produkty
invasion,invázia
affection,náklonnosť
woody,lesný
endless,nekonečný
discipline,disciplína
horns,rohy
absence,neprítomnosť
waking,prebudenie
dudes,chlapci
philosophy,filozofia
cracked,prasknutý
nicholas,Nicholas
reed,trstina
verdict,rozsudok
drake,búda